Workbook
Name 공사명: 표지!$B$3

Sheet 표지
B3: =Y3 -> 공사명을 입력하시오 | X3: 공사명 | Y3: 공사명을 입력하시오 | AA3: [ 착공 ]
X4: 분류 | Y4: [ 착공 ] | AA4: [ 여건보고 ]
X5: 년월 | Y5: 45964 | AA5: [ 실정보고 ]
X6: 도급사 | Y6: 주식회사 다우건설 | AA6: [ 변 경 ]
B7: 사 진 대 장 | AA7: [ 준 공 ]
H11: =Y4 -> [ 착공 ]
B21: =Y5 -> 45964
B32: =Y6 -> 주식회사 다우건설

Sheet 공사전
B1: 공 사 명 : | E1: =공사명 -> 공사명을 입력하시오 | Y1: 여기에 파일명을 입력하세요
Y2: Page | AB2: 파일명 입력
A3: =ROW() -> 3 | C3: =IF(VLOOKUP($A3,$AA$3:$AB$34,2,FALSE)="","",VLOOKUP($A3,$AA$3:$AB$34,2,FALSE)) | Y3: 1 | Z3: 17 | AA3: 3
AA4: =AA3+$Z$3 -> 20
Y5: 2 | AA5: =AA4+$Z$3 -> 37
AA6: =AA5+$Z$3 -> 54
Y7: 3 | AA7: =AA6+$Z$3 -> 71
AA8: =AA7+$Z$3 -> 88
Y9: 4 | AA9: =AA8+$Z$3 -> 105
AA10: =AA9+$Z$3 -> 122
Y11: 5 | AA11: =AA10+$Z$3 -> 139
AA12: =AA11+$Z$3 -> 156
Y13: 6 | AA13: =AA12+$Z$3 -> 173
AA14: =AA13+$Z$3 -> 190
Y15: 7 | AA15: =AA14+$Z$3 -> 207
B16: 사진 설명 | D16: 공 사 전 | M16: 위치 | O16: 현장내 | AA16: =AA15+$Z$3 -> 224
Y17: 8 | AA17: =AA16+$Z$3 -> 241
AA18: =AA17+$Z$3 -> 258
Y19: 9 | AA19: =AA18+$Z$3 -> 275
A20: =ROW() -> 20 | C20: =IF(VLOOKUP($A20,$AA$3:$AB$34,2,FALSE)="","",VLOOKUP($A20,$AA$3:$AB$34,2,FALSE)) | AA20: =AA19+$Z$3 -> 292
Y21: 10 | AA21: =AA20+$Z$3 -> 309
AA22: =AA21+$Z$3 -> 326
Y23: 11 | AA23: =AA22+$Z$3 -> 343
AA24: =AA23+$Z$3 -> 360
Y25: 12 | AA25: =AA24+$Z$3 -> 377
AA26: =AA25+$Z$3 -> 394
Y27: 13 | AA27: =AA26+$Z$3 -> 411
AA28: =AA27+$Z$3 -> 428
Y29: 14 | AA29: =AA28+$Z$3 -> 445
AA30: =AA29+$Z$3 -> 462
Y31: 15 | AA31: =AA30+$Z$3 -> 479
AA32: =AA31+$Z$3 -> 496
B33: 사진 설명 | D33: 공 사 전 | M33: 위치 | O33: 현장내 | Y33: 16 | AA33: =AA32+$Z$3 -> 513
AA34: =AA33+$Z$3 -> 530

Sheet 공사전후
B1: 공 사 명 : | E1: =공사명 -> 공사명을 입력하시오 | Y1: 여기에 파일명을 입력하세요
Y2: Page | AB2: 파일명 입력
A3: =ROW() -> 3 | C3: =IF(VLOOKUP($A3,$AA$3:$AB$34,2,FALSE)="","",VLOOKUP($A3,$AA$3:$AB$34,2,FALSE)) | Y3: 1 | Z3: 17 | AA3: 3 | AB3: =IF(공사전!AB3="","",공사전!AB3)
AA4: =AA3+$Z$3 -> 20
Y5: 2 | AA5: =AA4+$Z$3 -> 37 | AB5: =IF(공사전!AB4="","",공사전!AB4)
AA6: =AA5+$Z$3 -> 54
Y7: 3 | AA7: =AA6+$Z$3 -> 71 | AB7: =IF(공사전!AB5="","",공사전!AB5)
AA8: =AA7+$Z$3 -> 88
Y9: 4 | AA9: =AA8+$Z$3 -> 105 | AB9: =IF(공사전!AB6="","",공사전!AB6)
AA10: =AA9+$Z$3 -> 122
Y11: 5 | AA11: =AA10+$Z$3 -> 139 | AB11: =IF(공사전!AB7="","",공사전!AB7)
AA12: =AA11+$Z$3 -> 156
Y13: 6 | AA13: =AA12+$Z$3 -> 173 | AB13: =IF(공사전!AB8="","",공사전!AB8)
AA14: =AA13+$Z$3 -> 190
Y15: 7 | AA15: =AA14+$Z$3 -> 207 | AB15: =IF(공사전!AB9="","",공사전!AB9)
B16: 사진 설명 | D16: 공 사 전 | M16: 위치 | O16: 현장내 | AA16: =AA15+$Z$3 -> 224
Y17: 8 | AA17: =AA16+$Z$3 -> 241 | AB17: =IF(공사전!AB10="","",공사전!AB10)
AA18: =AA17+$Z$3 -> 258
Y19: 9 | AA19: =AA18+$Z$3 -> 275 | AB19: =IF(공사전!AB11="","",공사전!AB11)
A20: =ROW() -> 20 | C20: =IF(VLOOKUP($A20,$AA$3:$AB$34,2,FALSE)="","",VLOOKUP($A20,$AA$3:$AB$34,2,FALSE)) | AA20: =AA19+$Z$3 -> 292
Y21: 10 | AA21: =AA20+$Z$3 -> 309 | AB21: =IF(공사전!AB12="","",공사전!AB12)
AA22: =AA21+$Z$3 -> 326
Y23: 11 | AA23: =AA22+$Z$3 -> 343
AA24: =AA23+$Z$3 -> 360
Y25: 12 | AA25: =AA24+$Z$3 -> 377
AA26: =AA25+$Z$3 -> 394
Y27: 13 | AA27: =AA26+$Z$3 -> 411
AA28: =AA27+$Z$3 -> 428
Y29: 14 | AA29: =AA28+$Z$3 -> 445
AA30: =AA29+$Z$3 -> 462
Y31: 15 | AA31: =AA30+$Z$3 -> 479
AA32: =AA31+$Z$3 -> 496
B33: 사진 설명 | D33: 공 사 후 | M33: 위치 | O33: 현장내 | Y33: 16 | AA33: =AA32+$Z$3 -> 513
AA34: =AA33+$Z$3 -> 530

Sheet 공사중
B1: 공 사 명 : | E1: =공사명 -> 공사명을 입력하시오 | Y1: 여기에 파일명을 입력하세요
Y2: Page | AB2: 파일명 입력
A3: =ROW() -> 3 | C3: =IF(VLOOKUP($A3,$AA$3:$AB$34,2,FALSE)="","",VLOOKUP($A3,$AA$3:$AB$34,2,FALSE)) | Y3: 1 | Z3: 17 | AA3: 3
AA4: =AA3+$Z$3 -> 20
Y5: 2 | AA5: =AA4+$Z$3 -> 37
AA6: =AA5+$Z$3 -> 54
Y7: 3 | AA7: =AA6+$Z$3 -> 71
AA8: =AA7+$Z$3 -> 88
Y9: 4 | AA9: =AA8+$Z$3 -> 105
AA10: =AA9+$Z$3 -> 122
Y11: 5 | AA11: =AA10+$Z$3 -> 139
AA12: =AA11+$Z$3 -> 156
Y13: 6 | AA13: =AA12+$Z$3 -> 173
AA14: =AA13+$Z$3 -> 190
Y15: 7 | AA15: =AA14+$Z$3 -> 207
B16: 사진 설명 | D16: 공 사 중 | M16: 위치 | O16: 현장내 | AA16: =AA15+$Z$3 -> 224
Y17: 8 | AA17: =AA16+$Z$3 -> 241
AA18: =AA17+$Z$3 -> 258
Y19: 9 | AA19: =AA18+$Z$3 -> 275
A20: =ROW() -> 20 | C20: =IF(VLOOKUP($A20,$AA$3:$AB$34,2,FALSE)="","",VLOOKUP($A20,$AA$3:$AB$34,2,FALSE)) | AA20: =AA19+$Z$3 -> 292
Y21: 10 | AA21: =AA20+$Z$3 -> 309
AA22: =AA21+$Z$3 -> 326
Y23: 11 | AA23: =AA22+$Z$3 -> 343
AA24: =AA23+$Z$3 -> 360
Y25: 12 | AA25: =AA24+$Z$3 -> 377
AA26: =AA25+$Z$3 -> 394
Y27: 13 | AA27: =AA26+$Z$3 -> 411
AA28: =AA27+$Z$3 -> 428
Y29: 14 | AA29: =AA28+$Z$3 -> 445
AA30: =AA29+$Z$3 -> 462
Y31: 15 | AA31: =AA30+$Z$3 -> 479
AA32: =AA31+$Z$3 -> 496
B33: 사진 설명 | D33: 공 사 중 | M33: 위치 | O33: 현장내 | Y33: 16 | AA33: =AA32+$Z$3 -> 513
AA34: =AA33+$Z$3 -> 530

Sheet 안전관리비
B1: 공 사 명 : | E1: =공사명 -> 공사명을 입력하시오 | Y1: 여기에 파일명을 입력하세요
Y2: Page | AB2: 파일명 입력
A3: =ROW() -> 3 | C3: =IF(VLOOKUP($A3,$AA$3:$AB$34,2,FALSE)="","",VLOOKUP($A3,$AA$3:$AB$34,2,FALSE)) | Y3: 1 | Z3: 17 | AA3: 3
AA4: =AA3+$Z$3 -> 20
Y5: 2 | AA5: =AA4+$Z$3 -> 37
AA6: =AA5+$Z$3 -> 54
Y7: 3 | AA7: =AA6+$Z$3 -> 71
AA8: =AA7+$Z$3 -> 88
Y9: 4 | AA9: =AA8+$Z$3 -> 105
AA10: =AA9+$Z$3 -> 122
Y11: 5 | AA11: =AA10+$Z$3 -> 139
AA12: =AA11+$Z$3 -> 156
Y13: 6 | AA13: =AA12+$Z$3 -> 173
AA14: =AA13+$Z$3 -> 190
Y15: 7 | AA15: =AA14+$Z$3 -> 207
B16: 사진 설명 | D16: 안 전 관 리 비 | M16: 위치 | O16: 현장내 | AA16: =AA15+$Z$3 -> 224
Y17: 8 | AA17: =AA16+$Z$3 -> 241
AA18: =AA17+$Z$3 -> 258
Y19: 9 | AA19: =AA18+$Z$3 -> 275
A20: =ROW() -> 20 | C20: =IF(VLOOKUP($A20,$AA$3:$AB$34,2,FALSE)="","",VLOOKUP($A20,$AA$3:$AB$34,2,FALSE)) | AA20: =AA19+$Z$3 -> 292
Y21: 10 | AA21: =AA20+$Z$3 -> 309
AA22: =AA21+$Z$3 -> 326
Y23: 11 | AA23: =AA22+$Z$3 -> 343
AA24: =AA23+$Z$3 -> 360
Y25: 12 | AA25: =AA24+$Z$3 -> 377
AA26: =AA25+$Z$3 -> 394
Y27: 13 | AA27: =AA26+$Z$3 -> 411
AA28: =AA27+$Z$3 -> 428
Y29: 14 | AA29: =AA28+$Z$3 -> 445
AA30: =AA29+$Z$3 -> 462
Y31: 15 | AA31: =AA30+$Z$3 -> 479
AA32: =AA31+$Z$3 -> 496
B33: 사진 설명 | D33: 안 전 관 리 비 | M33: 위치 | O33: 현장내 | Y33: 16 | AA33: =AA32+$Z$3 -> 513
AA34: =AA33+$Z$3 -> 530

Sheet 환경보전비
B1: 공 사 명 : | E1: =공사명 -> 공사명을 입력하시오 | Y1: 여기에 파일명을 입력하세요
Y2: Page | AB2: 파일명 입력
A3: =ROW() -> 3 | C3: =IF(VLOOKUP($A3,$AA$3:$AB$34,2,FALSE)="","",VLOOKUP($A3,$AA$3:$AB$34,2,FALSE)) | Y3: 1 | Z3: 17 | AA3: 3
AA4: =AA3+$Z$3 -> 20
Y5: 2 | AA5: =AA4+$Z$3 -> 37
AA6: =AA5+$Z$3 -> 54
Y7: 3 | AA7: =AA6+$Z$3 -> 71
AA8: =AA7+$Z$3 -> 88
Y9: 4 | AA9: =AA8+$Z$3 -> 105
AA10: =AA9+$Z$3 -> 122
Y11: 5 | AA11: =AA10+$Z$3 -> 139
AA12: =AA11+$Z$3 -> 156
Y13: 6 | AA13: =AA12+$Z$3 -> 173
AA14: =AA13+$Z$3 -> 190
Y15: 7 | AA15: =AA14+$Z$3 -> 207
B16: 사진 설명 | D16: 환 경 보 전 비 | M16: 위치 | O16: 현장내 | AA16: =AA15+$Z$3 -> 224
Y17: 8 | AA17: =AA16+$Z$3 -> 241
AA18: =AA17+$Z$3 -> 258
Y19: 9 | AA19: =AA18+$Z$3 -> 275
A20: =ROW() -> 20 | C20: =IF(VLOOKUP($A20,$AA$3:$AB$34,2,FALSE)="","",VLOOKUP($A20,$AA$3:$AB$34,2,FALSE)) | AA20: =AA19+$Z$3 -> 292
Y21: 10 | AA21: =AA20+$Z$3 -> 309
AA22: =AA21+$Z$3 -> 326
Y23: 11 | AA23: =AA22+$Z$3 -> 343
AA24: =AA23+$Z$3 -> 360
Y25: 12 | AA25: =AA24+$Z$3 -> 377
AA26: =AA25+$Z$3 -> 394
Y27: 13 | AA27: =AA26+$Z$3 -> 411
AA28: =AA27+$Z$3 -> 428
Y29: 14 | AA29: =AA28+$Z$3 -> 445
AA30: =AA29+$Z$3 -> 462
Y31: 15 | AA31: =AA30+$Z$3 -> 479
AA32: =AA31+$Z$3 -> 496
B33: 사진 설명 | D33: 환 경 보 전 비 | M33: 위치 | O33: 현장내 | Y33: 16 | AA33: =AA32+$Z$3 -> 513
AA34: =AA33+$Z$3 -> 530
